source_id,image_list_count,annotations_count,images_folder_count
23,750,750,750
57,1681,1681,1681
69,100,100,100
70,300,300,300
82,1,0,1
109,3970,3970,3970
155,990,990,990
172,16,16,16
173,16,16,16
174,16,16,16
258,228,228,228
290,310,310,310
295,1064,79064,79062
299,2,2,2
307,5108,5108,5108
350,395,395,395
372,98,66098,66098
373,2485,29485,29485
376,439,439,439
428,28,0,28
450,2556,2556,2556
466,1557,1557,1557
503,234,234,234
546,78,78,78
554,1395,22395,22393
580,200,200,200
616,354,354,354
620,206,206,206
648,135,135,135
665,0,0,0
683,1840,1840,1840
697,0,0,0
747,18,18,18
793,1237,1237,1237
800,4358,4358,4358
841,3880,3880,3880
842,2592,2592,2592
843,2820,2820,2820
921,105,105,105
950,0,0,0
958,55,55,55
1073,225,225,225
1076,209,209,209
1162,5,5,5
1184,10,10,10
1189,6,0,6
1212,10,6,10
1264,10,10,10
1265,10,10,10
1266,10,10,10
1268,10,10,10
1269,10,10,10
1270,10,10,10
1271,10,10,10
1272,10,10,10
1273,10,10,10
1274,10,10,10
1276,10,10,10
1277,10,10,10
1288,31381,31381,0
1294,8,0,8
1300,93,93,93
1301,97,97,97
1304,121,121,121
1308,45,45,45
1353,40,9,40
1356,3,0,3
1357,189,189,189
1358,160,160,160
1360,49,49,49
1368,192,192,192
1388,15926,15926,4062
1432,60,60,60
1440,88,88,88
1514,0,0,0
1519,72,72,72
1532,0,0,0
1545,1,0,1
1546,206,206,206
1554,14,14,14
1556,0,0,0
1577,48,0,48
1578,855,855,855
1579,32176,32176,0
1580,1421,16421,16421
1588,32,32,32
1598,0,0,0
1622,145,145,145
1634,0,0,0
1642,160,160,160
1645,3000,3000,3000
1653,31,1,31
1655,160,160,160
1669,30,0,30
1686,22,22,22
1695,40,40,40
1718,72,72,72
1724,570,570,570
1725,1215,1215,1215
1745,387,387,387
1749,582,582,582
1767,66,66,66
1768,3,0,3
1771,0,0,0
1773,69,17,69
1776,2309,2309,2309
1781,80,80,80
1783,1638,1638,1638
1789,120,4,120
1810,0,0,0
1821,333,20,333
1822,46,21,46
1826,211,211,211
1831,66,0,66
1832,66,66,66
1835,90,90,90
1848,51,51,51
1895,540,540,540
1900,20,20,20
1933,560,560,560
1940,640,640,640
1944,649,649,649
1968,184,184,184
1970,20,20,20
1972,1080,1080,1080
1981,20,20,20
1982,60,60,60
1983,180,180,180
1986,92,2,92
1987,0,0,0
1988,180,180,180
1989,27,27,27
1990,1233,1233,1233
1991,0,0,0
1998,0,0,0
2001,31,0,31
2030,47,47,47
2043,4,4,4
2044,4,4,4
2048,724,724,724
2050,13,0,13
2052,180,180,180
2055,300,300,300
2064,184,184,184
2070,144,144,144
2074,27,27,27
2083,850,850,850
2084,12,12,12
2088,114,114,114
2091,400,400,400
2112,89,6089,6089
2120,640,640,640
2121,14,14,14
2122,6,6,6
2123,6,6,6
2124,200,0,200
2125,0,0,0
2127,0,0,0
2130,90,90,90
2131,60,60,60
2152,19,19,19
2153,19,19,19
2159,58,58,58
2162,123,123,123
2170,23,23,23
2172,23,23,23
2180,200,200,200
2190,200,200,200
2194,200,200,200
2200,107,107,107
2208,75,75,75
2211,200,200,200
2221,101,101,101
2222,0,0,0
2236,22,22,22
2238,20,2,20
2239,1034,1034,1034
2246,0,0,0
2258,150,150,150
2262,30,15,30
2263,3,2,3
2268,362,362,362
2274,234,234,234
2278,2,1,2
2282,1296,1296,1296
2286,2664,2664,2664
2294,198,198,198
2297,4272,4272,4271
2307,1,0,1
2311,147,147,147
2315,402,402,402
2324,50,50,50
2336,0,0,0
2337,100,100,100
2371,501,1,501
2374,34,34,34
2379,69,69,69
2414,219,219,219
2416,0,0,0
2438,0,0,0
2453,19,0,19
2454,0,0,0
2455,0,0,0
2456,13,0,13
2457,10,0,10
2464,158,158,158
2472,0,0,0
2480,2671,2671,2671
2498,6,6,6
2511,0,0,0
2528,40,40,40
2544,819,819,819
2557,0,0,0
2562,323,323,323
2565,270,270,270
2614,0,0,0
2615,943,4943,4943
2616,1904,4904,4904
2655,138,138,138
2667,34,34,34
2671,1,0,1
2672,89,89,89
2673,0,0,0
2674,30,0,30
2678,0,0,0
2682,675,675,675
2687,3,0,3
2694,33,1,33
2701,37,0,37
2707,50,50,50
2715,1108,1108,1108
2716,1087,1087,1087
2720,47,47,47
2722,189,189,189
2728,0,0,0
2729,0,0,0
2731,20,0,20
2733,50,50,50
2744,2199,2199,2199
2747,50,50,50
2751,12,12,12
2757,60,60,60
2759,602,602,602
2762,59,59,59
2764,0,0,0
2765,1119,1119,1119
2770,1929,1929,1929
2779,49,49,49
2780,182,182,182
2781,50,50,50
2782,12,12,12
2795,1779,7779,7779
2798,2,2,2
2799,24,24,24
2803,132,132,132
2806,0,0,0
2808,145,145,145
2817,2,1,2
2818,0,0,0
2819,2,0,2
2820,30,30,30
2821,20,20,20
2822,60,60,60
2823,20,20,20
2824,30,30,30
2825,40,40,40
2829,258,258,258
2830,40,40,40
2835,0,0,0
2836,160,5,160
2837,40,40,40
2847,12,8,12
2855,219,219,219
2856,1,1,1
2857,11,0,11
2858,1195,1195,1195
2859,1071,1071,1071
2860,1058,1058,1058
2861,1125,1125,1125
2862,1071,1071,1071
2863,1120,1120,1120
2864,1079,1079,1079
2865,1055,1055,1055
2866,858,858,858
2867,901,901,901
2868,859,859,859
2870,121,0,121
2871,0,0,0
2872,0,0,0
2873,218,218,218
2874,1079,1079,1079
2882,154,154,154
2897,2512,29512,29512
2898,34,0,34
2903,660,660,660
2911,962,962,962
2914,172,172,172
2922,1209,1209,1209
2938,55,0,55
2947,1143,7143,7142
2955,1268,1268,1268
2959,2542,11542,11542
2960,273,273,273
2969,300,300,299
2970,0,0,0
2971,224,224,224
2978,3027,3027,3027
2990,0,0,0
2991,99,99,99
2995,74,74,74
3004,72,72,72
3006,0,0,0
3007,3,1,3
3008,20,20,20
3010,18,18,18
3011,76,76,76
3012,3,1,3
3013,8,8,8
3015,1081,7081,7081
3018,13,0,13
3028,41,41,41
3032,1,1,1
3046,160,160,160
3054,38,38,38
3058,418,27418,27418
3060,86,86,86
3061,26,26,26
3063,1612,1612,1612
3064,3480,3480,3480
3068,0,0,0
3069,28,28,28
3072,1,1,1
3074,1,0,1
3075,25,25,25
3076,40,40,40
3077,25,25,25
3078,40,40,40
3079,20,20,20
3080,30,30,30
3081,20,20,20
3082,10,10,10
3083,20,20,20
3084,20,20,20
3085,10,10,10
3086,10,10,10
3087,13,13,13
3088,10,10,10
3089,20,20,20
3090,0,0,0
3091,30,30,30
3092,10,10,10
3093,30,30,30
3094,20,20,20
3095,22,22,22
3096,10,10,10
3097,12,12,12
3098,10,10,10
3099,10,10,10
3100,10,10,10
3101,0,0,0
3102,10,10,10
3103,10,10,10
3111,1,0,1
3119,5,5,5
3120,10,10,10
3121,6,6,6
3122,6,6,6
3133,6,6,6
3135,10,10,10
3137,20,20,20
3138,20,20,20
3140,0,0,0
3156,92,92,92
3171,10,10,10
3172,339,339,339
3173,10,10,10
3177,10,10,10
3178,0,0,0
3180,10,10,10
3191,8,0,8
3204,0,0,0
3205,1074,1074,1074
3207,1,0,1
3213,6,6,6
3220,0,0,0
3237,15,1,15
3241,653,653,653
3249,260,260,260
3257,6,6,6
3263,375,375,375
3269,113,0,113
3271,41,0,41
3273,0,0,0
3276,6,6,6
3284,0,0,0
3290,628,628,628
3294,2132,11132,11130
3295,100,100,100
3298,920,920,920
3299,103,103,103
3300,75,75,75
3305,103,103,103
3307,43,0,43
3327,80,80,80
3329,20,10,20
3342,0,0,0
3346,582,582,582
3349,443,443,443
3350,238,238,238
3351,1,0,1
3354,0,0,0
3357,565,565,565
3361,0,0,0
3362,46,46,46
3363,1498,16498,16498
3365,459,459,459
3366,505,505,505
3368,97,97,97
3371,600,30600,30598
3373,425,425,425
3374,387,387,387
3375,409,409,409
3376,643,643,643
3377,420,420,420
3378,405,405,405
3379,526,526,526
3383,1259,1259,1259
3393,0,0,0
3396,804,804,804
3401,7196,7196,7196
3402,600,600,600
3406,62,62,62
3409,0,0,0
3410,20,4,20
3411,947,15947,15947
3412,1706,1706,1706
3413,5079,5079,5079
3414,5771,5771,5771
3415,3242,3242,3242
3416,4824,4824,4824
3417,2378,2378,2378
3418,202,202,202
3419,152,152,152
3420,671,671,671
3421,8852,8852,8580
3424,3098,3098,3098
3425,687,687,687
3438,146,146,146
3439,126,126,126
3440,1160,1160,1160
3441,142,142,142
3442,135,135,135
3443,133,133,133
3444,110,110,110
3446,8860,8860,8860
3449,47,0,47
3456,7202,0,7201
3460,7202,7202,7202
3465,2092,14092,14091
3466,1202,7202,7202
3467,6133,6133,6133
3468,3,0,3
3470,100,0,100
3472,154,7,154
3475,0,0,0
3478,6133,6133,6132
3479,2092,14092,14091
3480,45,45,45
3481,50,50,50
3482,0,0,0
3483,196,196,196
3484,24,0,24
3485,0,0,0
3486,102,102,102
3487,0,0,0
3488,22,22,22
3489,86,86,86
3490,0,0,0
3491,87,87,87
3492,28,28,28
3493,20,20,20
3494,140,140,140
3496,3000,9000,8999
3497,6000,6000,6000
3498,671,671,671
3499,6000,6000,6000
3500,6000,6000,6000
3505,0,0,0
3508,261,261,261
3519,1779,1779,1779
3520,253,253,253
3522,4438,4438,4438
3528,5,2,5
3530,5,4,5
3531,10,1,10
3533,5,2,5
3534,5,2,5
3535,5,1,5
3536,10,2,10
3537,5,2,5
3545,2092,14092,14090
3546,1050,1050,1050
3550,0,0,0
3551,1202,7202,7202
3552,0,0,0
3554,6000,6000,6000
3555,2000,2000,2000
3559,2092,14092,14092
3560,55,55,55
3565,10,0,10
3567,1419,7419,7419
3569,1423,0,1423
3572,0,0,0
3573,2000,2000,2000
3574,1200,1200,1200
3576,0,0,0
3577,5411,5411,5411
3581,1578,10578,10578
3583,200,200,200
3588,156,156,156
3589,624,624,624
3606,3430,3430,3430
3611,186,186,186
3627,427,2,427
3634,3,1,3
3637,8,2,8
3653,756,756,756
3656,360,360,360
3663,0,0,0
3666,5,4,5
3680,35,4,35
3681,2579,2579,2579
3684,0,0,0
3685,31,31,31
3686,11,11,11
3688,12,12,12
3689,30,30,30
3692,2965,2965,2965
3697,1049,1049,1049
3704,939,939,939
3705,46,0,46
3706,0,0,0
3719,108,108,108
3722,1583,1583,1583
3728,0,0,0
3735,2,2,2
3737,2143,2143,2143
3746,0,0,0
3749,20,10,20
3752,16,0,16
3765,427,427,427
3768,530,530,530
3771,373,373,373
3773,200,200,200
3774,0,0,0
3776,450,450,450
3777,3605,3604,3605
3785,1320,1320,1320
3787,3,2,3
3791,10,10,10
3792,10,10,10
3793,0,0,0
3794,10,10,10
3795,0,0,0
3796,0,0,0
3797,16,16,16
3798,0,0,0
3799,20,20,20
3800,20,20,20
3801,20,20,20
3803,15,15,15
3804,10,10,10
3805,10,10,10
3806,10,10,10
3807,93,93,93
3816,0,0,0
3818,0,0,0
3831,20,20,20
3833,10,10,10
3834,0,0,0
3835,0,0,0
3836,30,30,30
3837,20,20,20
3838,25,25,25
3839,10,10,10
3840,25,25,25
3841,30,30,30
3842,10,10,10
3843,10,10,10
3844,10,10,10
3848,20,20,20
3857,24,24,24
3859,10,10,10
3862,15,15,15
3863,10,10,10
3865,5,5,5
3866,10,10,10
3867,10,10,10
3871,20,20,20
3882,20,20,20
3883,10,10,10
3884,10,10,10
3891,30,30,30
3893,20,20,20
3894,15,15,15
3895,10,10,10
3896,5,5,5
3906,25,25,25
3907,0,0,0
3911,0,0,0
3912,0,0,0
3922,336,336,336
3928,6,6,6
3929,7,6,7
3930,30,30,30
3931,10,10,10
3932,1803,1803,1803
3933,10,10,10
3934,10,10,10
3945,10,10,10
3948,355,355,355
3949,284,284,284
3956,6,2,6
3962,103,0,103
3966,11,11,11
3975,915,915,915
3978,88,88,88
3984,196,196,196
3985,88,88,88
3988,38,38,38
3989,179,179,179
3996,158,158,158
4007,626,625,626
4009,1690,1690,1690
4015,966,1,966
4016,1677,0,1677
4017,606,13,606
4018,224,1,224
4020,6,6,6
4021,6,6,6
4022,6,6,6
4027,0,0,0
4028,27,27,27
4029,23,10,23
4043,20,0,20
4049,38,38,38
4050,0,0,0
4063,41,41,41
4084,6,6,6
4085,6,6,6
4088,236,236,236
4091,463,463,463
4104,141,141,141
4121,1,0,1
4122,22,22,22
4124,28,28,28
4128,142,142,142
4145,0,0,0
4148,1333,19333,19331
4159,30,30,30
4160,0,0,0
4161,0,0,0
4167,3,0,3
4168,50,50,50
4175,0,0,0
4176,0,0,0
4188,0,0,0
4191,12,12,12
4204,0,0,0
4205,65,65,65
4206,31,31,31
4209,464,464,464
4223,18,0,18
4229,612,612,612
4235,250,250,250
4246,269,269,269
4250,1428,1428,1428
4251,29,29,29
4252,11,11,11
4254,788,788,788
4261,0,0,0
4265,0,0,0
4280,101,101,101
4281,12,12,12
4282,46,46,46
4284,64,0,64
4285,33,33,33
4286,58,58,58
4287,0,0,0
4288,104,0,104
4290,67,0,67
4291,59,59,59
4292,863,863,863
4297,1,1,1
4300,201,3,201
4301,72,72,72
4302,61,61,61
4303,0,0,0
4304,0,0,0
4308,0,0,0
4310,377,377,377
4311,595,595,595
4313,325,325,325
4336,62,62,62
4338,52,14,52
4339,0,0,0
4341,110,102,110
4342,464,464,464
4353,359,359,358
4354,1836,1836,1836
4356,68,68,68
4364,22,22,22
4365,72,8,72
4368,0,0,0
4369,0,0,0
4371,0,0,0
4372,1360,1,1360
4385,0,0,0
4389,0,0,0
4390,175,175,175
4391,502,502,502
4402,566,566,566
4403,639,639,639
4404,327,327,327
4411,676,676,676
4413,15,15,15
4417,503,503,503
4421,1,1,1
4430,3165,3165,3165
4435,78,78,78
4437,52,0,52
4446,1,0,1
4447,153,153,153
4451,511,511,511
4472,8,1,8
4476,247,247,247
4477,0,0,0
4478,0,0,0
4479,0,0,0
4480,0,0,0
4481,0,0,0
4482,104,104,104
4483,52,52,52
4484,0,0,0
4485,5,2,5
4486,5,5,5
4487,50,50,50
4488,0,0,0
4489,5,1,5
4490,0,0,0
4491,0,0,0
4492,5,4,5
4493,0,0,0
4494,50,0,50
4495,50,50,50
4496,2,2,2
4497,5,1,5
4498,6,0,6
4499,0,0,0
4500,53,4,53
4501,5,1,5
4503,6,0,6
4505,5,0,5
4506,50,50,50
4513,0,0,0
4514,372,372,372
4516,0,0,0
4517,25,25,25
4518,2,2,2
4519,20,20,20
4520,8,1,8
4521,0,0,0
4522,0,0,0
4523,1,0,1
4524,0,0,0
4528,20,1,20
4530,0,0,0
4531,49,0,49
4532,50,50,50
4559,184,12184,12183
4576,12,8,12
4578,2,1,2
4584,24,24,24
4588,0,0,0
4591,0,0,0
4592,0,0,0
4596,1937,1937,1937
4603,249,249,249
4614,70,70,70
4638,40,40,40
4639,39,39,39
4646,25,25,25
4651,24,2,24
4653,29,10,29
4659,256,256,256
4660,0,0,0
4664,24,0,24
4667,0,0,0
4668,0,0,0
4671,53,53,53
4672,63,63,63
4675,75,75,75
4677,4,4,4
4679,52,52,52
4681,25,25,25
4684,0,0,0
4688,7,1,7
4691,25,25,25
4692,25,25,25
4710,4192,4192,4192
4712,0,0,0
4715,871,871,871
4716,214,214,214
4717,62,62,62
4718,594,594,594
4719,729,729,729
4720,61,61,61
4721,4191,4191,4191
4724,689,689,689
4725,129,129,129
4726,440,440,440
4727,0,0,0
4732,909,909,909
4733,792,792,792
4734,453,453,453
4735,257,257,257
4750,4,1,4
4752,2,0,2
4754,1,1,1
4758,55,55,55
4759,65,65,65
4761,813,813,813
4765,10,1,10
4767,40,40,40
4768,34,34,34
4770,1,1,1
4771,0,0,0
4772,308,308,308
4779,764,764,764
4782,148,12,148
4789,275,275,275
4790,0,0,0
4795,2379,2379,2379
4810,105,105,105
4811,65,65,65
4816,654,654,654
4835,0,0,0
4838,0,0,0
4840,2,0,2
4843,0,0,0
4851,36,36,36
4853,0,0,0
4858,77,77,77
4861,1117,1117,1117
4862,34,34,34
4874,1,0,1
4878,990,990,990
4882,484,484,484
4890,210,210,210
4892,3,0,3
4893,3,0,3
4895,670,670,670
4897,6,0,6
4902,1,1,1
4904,626,626,626
4906,137,137,137
4909,577,577,577
4915,40,40,40
4918,6,6,6
4919,304,304,304
4925,0,0,0
4926,0,0,0
4934,18,4,18
4937,1,1,1
4948,50,50,50
4949,21,21,21
4951,0,0,0
4952,85,85,85
4954,0,0,0
4957,634,15634,15634
4963,2300,2300,2300
4964,40,40,40
4966,80,80,80
4969,0,0,0
4971,1204,1204,1204
4976,21,21,21
4981,2,0,2
4982,40,40,40
4986,40,40,40
4987,40,40,40
4988,40,40,40
4992,40,40,40
4993,40,40,40
4995,40,40,40
4996,40,40,40
4997,40,40,40
4999,40,40,40
5000,40,40,40
5001,40,40,40
5004,6,6,6
5005,40,40,40
5013,0,0,0
5016,40,40,40
5018,40,40,40
5019,40,40,40
5023,40,40,40
5024,40,40,40
5026,40,40,40
5027,40,40,41
5035,6,6,6
5036,0,0,0
5041,6,6,6
5057,12,1,12
5059,0,0,0
5062,40,40,40
5065,40,40,40
5066,40,40,40
5067,40,40,40
5068,40,40,40
5069,40,40,40
5072,0,0,0
5073,40,40,40
5086,1010,1010,1010
5087,278,278,278
5094,6,6,6
5095,6,6,6
5100,40,40,40
5101,40,40,40
5102,40,40,40
5103,1,0,1
5104,40,40,40
5118,108,108,108
5119,24,24,24
5120,48,48,48
5121,30,28,30
5130,40,40,40
5131,40,40,40
5132,40,40,40
5135,29,1,29
5149,70,70,70
5155,2700,2700,2700
5180,1,0,1
5181,2126,2126,2126
5183,42,42,42
5184,156,156,156
5185,100,100,100
5186,116,116,116
5187,153,153,153
5188,157,157,157
5189,153,153,153
5190,114,114,114
5191,150,150,150
5192,150,150,150
5193,150,150,150
5194,151,151,151
5195,151,151,151
5196,208,208,208
5197,99,99,99
5198,197,197,197
5199,127,127,127
5200,159,159,159
5201,152,152,152
5203,143,143,143
5204,100,100,100
5209,3835,3835,3835
5213,21,21,21
5215,0,0,0
5216,4,0,4
5218,515,515,515
5221,1009,1009,1009
5222,0,0,0
5223,21,21,21
5227,159,159,159
5233,312,312,312
5239,22,3,22
5252,119,119,119
5253,3,1,3
5255,81,81,81
5258,49,49,49
5262,3371,3371,3371
5268,4,4,4
5278,4,4,4
5288,1,1,1
5291,0,0,0
5292,0,0,0
5293,0,0,0
5294,0,0,0
5300,0,0,0
5301,0,0,0
5304,220,220,220
5307,19,19,19
5308,16,1,16
5309,26,0,26
5310,6,6,6
5315,1917,1917,1917
5316,26,26,26
5318,215,215,215
5320,20,0,20
5324,0,0,0
5325,640,640,640
5326,454,454,454
5328,53,53,53
5329,181,181,181
5331,187,187,187
5337,14,0,14
5339,50,50,50
5341,11,11,11
5342,50,50,50
5349,10,1,10
5351,0,0,0
5355,0,0,0
5361,0,0,0
5363,1798,14,1798
5365,50,50,50
5368,0,0,0
5369,0,0,0
5375,0,0,0
5377,50,50,50
5378,0,0,0
5380,0,0,0
5382,24,0,24
5383,3028,0,3028
5384,50,50,50
5389,0,0,0
5390,785,0,785
5391,23,23,23
5392,12,12,12
5393,40,40,40
5394,40,40,40
5395,999,999,999
5398,110,110,110
5399,40,40,40
5410,0,0,0
5411,456,456,456
5413,40,40,40
5416,40,40,40
5417,40,40,40
5423,102,14,102
5428,40,40,40
5436,40,40,40
5437,40,40,40
5438,40,40,40
5439,40,40,40
5440,40,40,40
5441,40,40,40
5444,460,460,460
5445,40,40,40
5446,40,40,40
5449,40,40,40
5450,40,40,40
5451,40,40,40
5453,1200,1200,1200
5454,40,40,40
5457,2307,2307,2307
5458,40,40,40
5459,40,40,40
5460,40,40,40
5461,40,40,40
5465,40,40,40
5467,40,40,40
5468,40,40,40
5471,40,40,40
5473,40,40,40
5474,40,40,40
5476,40,40,40
5477,1220,1220,1220
5479,40,40,40
5480,40,40,40
5484,25,25,25
5491,50,50,50
5492,40,40,40
5493,40,40,40
5494,40,40,40
5495,40,40,40
5496,40,40,40
5497,40,40,40
5512,10,0,10
5513,10,6,10
5521,42,42,42
5522,1,1,1
5526,0,0,0
5528,10,1,10
5532,1,1,1
5542,57,57,57
5543,50,50,50
5544,0,0,0
5546,7000,7000,7000
5549,193,193,193
5562,447,447,447
5564,351,351,351
5570,104,0,104
5574,0,0,0
5576,20,6,20
5577,20,5,20
5582,40,40,40
5591,34,1,34
5593,40,40,40
5602,0,0,0
5603,40,40,40
5609,0,0,0
5614,0,0,0
5615,0,0,0
5637,1,1,1
5652,50,50,50
5653,50,50,50
5657,0,0,0
5670,30,30,30
5672,20,20,20
5674,24,24,24
5675,40,40,40
5677,0,0,0
5678,1,0,1
5680,3,3,3
5684,66,0,66
5688,40,40,40
5689,40,40,40
5690,34,34,34
5691,40,40,40
5694,50,50,50
5697,0,0,0
5699,31,31,31
5702,5,0,5
5739,20,20,20
5745,50,50,50
5749,10,0,10
5752,660,660,660
5755,50,50,50
5756,30,30,30
5760,50,50,50
5761,50,50,50
5768,0,0,0
5769,56,56,56
5774,30,30,30
5776,5,5,5
5777,52,0,52
5781,25,0,25
5788,40,40,40
5796,42,42,42
5808,200,200,200
5810,40,40,40
5812,40,40,40
5813,40,40,40
5814,40,40,40
5815,40,40,40
5817,50,50,50
5818,50,50,50
5819,50,50,50
5820,50,50,50
5821,50,50,50
5822,50,50,50
5823,50,50,50
5824,50,50,50
5825,50,50,50
5826,50,50,50
5829,3,2,3
5831,74,74,74
5835,0,0,0
5836,516,516,516
5837,40,12,40
5838,40,0,40
5839,40,0,40
5840,40,0,40
5847,243,243,243
5855,0,0,0
5864,18,14,18
5874,2,2,2
5878,2,2,2
5882,2,2,2
5883,1,1,1
5884,2,1,2
5889,6,6,6
5900,80,80,80
5902,50,50,50
5903,50,50,50
5908,0,0,0
5909,40,40,40
5910,40,40,40
5911,40,40,40
5916,40,5,40
5920,0,0,0
5923,50,50,50
5924,10,10,10
5925,10,10,10
5926,10,10,10
5927,15,15,15
5928,15,15,15
5929,15,15,15
5938,4,0,4
5942,157,157,157
5947,0,0,0
5949,682,682,682
5952,40,40,40
5953,40,40,40
5957,54,54,54
5958,107,107,107
5959,106,106,106
5960,105,105,105
5961,40,0,40
5967,50,50,50
5968,54,54,54
5974,0,0,0
5976,0,0,0
5977,40,40,40
5980,40,40,40
5981,40,40,40
5984,44,44,44
5996,50,50,50
6003,0,0,0
6008,20,20,20
6011,0,0,0
6014,50,50,50
6017,41,41,41
6026,31,31,31
6029,44,44,44
6031,15,15,15
6053,491,491,491
6054,186,186,186
6055,0,0,0
6058,0,0,0
6059,10,10,10
6060,31,29,31
6061,14,14,14
6067,24,24,24
6068,109,109,109
6069,3,3,3
6071,4,4,4
6072,5,5,5
6073,5,5,5
6074,4,4,4
6075,4,4,4
6077,2,2,2
6078,22,22,22
6079,5,5,5
6090,0,0,0
6091,0,0,0
6092,131,1,131
6093,0,0,0
6105,4,4,4
6106,3,3,3
6107,4,4,4
6108,5,5,5
6109,3,3,3
6110,3,3,3
6111,5,5,5
6113,4,4,4
6116,2317,2317,2317
6118,30,30,30
6120,0,0,0
6123,194,0,194
6124,8,0,8
6127,0,0,0
6150,62,5,62
6153,10,9,10
6155,0,0,0
6157,4,4,4
6158,2,2,2
6159,3,3,3
6166,114,114,114
6167,152,152,152
6169,157,157,157
6170,0,0,0
6171,189,189,189
6172,26,2,26
6173,1526,0,1526
6174,189,189,189
6175,20,0,20
6176,157,0,157
6177,319,319,319
6178,214,214,214
6179,312,312,312
6180,0,0,0
6181,0,0,0
6186,18,18,18
6189,15,15,15
6191,231,231,231
6195,0,0,0
6201,153,153,153
6202,164,164,164
6203,105,105,105
6204,204,204,204
6207,102,102,102
6209,0,0,0
6210,1011,1011,1011
6212,13,4,13
6213,14,0,14
6215,200,200,200
6218,1234,1234,1234
6219,6,5,6
6222,98,98,98
6229,1494,1494,1494
6235,51,51,51
6242,108,108,108
6243,0,0,0
6247,2,1,2
6252,0,0,0
6253,2481,2481,2481
6254,7,7,7
6255,8,8,8
6256,6,6,6
6257,2078,2078,2078
6259,4307,4307,4307
6271,35,15,35
6288,30,30,30
6291,7,7,7
6292,7,7,7
6293,6,6,6
6294,972,972,972
6297,2100,2100,2100
6300,15,0,15
6311,0,0,0
6315,7,7,7
6316,7,7,7
6323,0,0,0
6324,325,325,325
6326,10,3,10
6328,10,0,10
6333,0,0,0
6337,5,5,5
6340,5,0,5
6342,6,0,6
6344,5,1,5
6352,40,40,40
6353,40,40,40
6363,80,80,80
6366,120,120,120
6369,40,40,40
6370,40,40,40
6371,40,40,40
6373,0,0,0
6375,40,40,40
6376,40,40,40
6377,40,40,40
6391,225,225,225
6405,4232,4232,4232
6408,21,0,21
6414,0,0,0
6426,18,18,18
6436,8,8,8
6437,9,9,9
6442,0,0,0
6444,30,10,30
6445,0,0,0
6447,2500,2500,2500
6453,288,288,288
6462,16,16,16
6470,150,150,150
6475,0,0,0
6477,2418,2418,2418
6486,36,36,36
6487,282,282,282
6490,0,0,0
6494,141,141,141
6502,200,200,200
6503,171,171,171
6504,120,120,120
6506,0,0,0
6512,597,597,597
6514,240,240,240
6515,357,357,357
6516,478,478,478
6517,597,597,597
6521,597,597,597
6522,32,32,32
6523,1,1,1
6524,357,357,357
6526,597,597,597
6528,0,0,0
6529,162,162,162
6530,104,104,104
6533,0,0,0
6534,0,0,0
6536,344,344,344
6537,344,344,344
6538,70,70,70
6539,70,70,70
6540,585,585,585
6541,1,0,1
6542,1,0,1
6543,102,102,102
6546,0,0,0
6551,568,568,568
6557,0,0,0
6564,0,0,0
6565,12,6,12
6568,683,3,683
6571,10,0,10
6572,10,0,10
6573,40,40,40
6577,150,150,150
6580,119,119,119
6583,45,45,45
6597,0,0,0
6598,15,15,15
6603,120,120,120
6609,1899,1899,1899
6614,138,0,138
6618,417,417,417
6620,108,108,108
6623,981,981,981
6624,168,168,168
6625,660,660,660
6631,0,0,0
6632,2,0,2
6633,6,6,6
6634,6,6,6
6635,0,0,0
6637,318,318,318
6641,646,646,646
6660,1060,1060,1060
6662,0,0,0
6665,36,0,36
6673,199,199,199
6674,5,5,5
6680,75,75,75
6681,75,75,75
6682,75,75,75
6683,75,75,75
6684,0,0,0
6687,2488,2488,2488
6688,24,24,24
6689,0,0,0
6690,28,28,28
6691,26,26,26
6692,27,27,27
6693,26,26,26
6694,26,26,26
6695,444,444,444
6696,0,0,0
6698,345,345,345
6699,1853,1853,1853
6700,597,597,597
6701,0,0,0
6702,1368,1368,1368
6704,96,96,96
6706,0,0,0
6709,0,0,0
6711,0,0,0
6712,1194,1194,1194
6713,3999,3999,3999
6714,1842,1842,1842
6715,63,0,63
6716,1703,1703,1703
6717,557,557,557
6721,478,478,478
6722,198,198,198
6723,0,0,0
6724,150,150,150
6725,150,150,150
6726,150,150,150
6727,150,150,150
6730,48,48,48
6731,0,0,0
6733,2625,2625,2625
6737,1,0,1
6744,5,5,5
6754,88,0,88
6763,628,628,628
6770,76,76,76
6775,478,478,478
6776,1043,3,1043
6785,36,36,36
6787,20,0,20
6789,52,0,52
6792,20,20,20
6793,0,0,0
6794,275,275,275
6801,18,18,18
6802,944,944,944
6805,478,478,478
6806,1703,1703,1703
6807,196,196,196
6808,560,560,560
6809,0,0,0
6815,148,148,148
6816,150,150,150
6817,150,150,150
6818,150,150,150
6820,35,35,35
6828,0,0,0
6831,35,35,35
6833,17,17,17
6834,198,198,198
6835,1703,1703,1703
6837,26,26,26
6838,478,478,478
6839,559,559,559
6840,40,40,40
6843,150,150,150
6844,150,150,150
6845,150,150,150
6846,150,150,150
6848,40,40,40
6850,14,14,14
6854,2,2,2
6855,2938,2938,2938
6856,51,51,51
6857,51,51,51
6864,2606,2606,2606
6865,1,1,1
6866,46,0,46
6867,2938,2938,2938
6868,2938,2938,2938
6870,0,0,0
6872,2,0,2
6873,202,202,202
6875,40,40,40
6876,40,40,40
6877,40,40,40
6878,40,40,40
6879,40,40,40
6880,40,40,40
6881,40,40,40
6882,40,40,40
6883,40,40,40
6884,40,40,40
6885,40,40,40
6886,40,40,40
6887,40,40,40
6888,40,40,40
6889,40,40,40
6890,40,40,40
6892,120,120,120
6894,50,50,50
6897,40,40,40
6899,40,40,40
6907,125,125,125
6911,22,22,22
6917,40,40,40
6918,44,44,44
6919,88,88,88
6920,177,177,177
6921,366,366,366
6922,734,734,734
6923,1469,1469,1469
6924,2936,2936,2936
6925,40,40,40
6926,44,44,44
6927,88,88,88
6928,176,176,176
6929,367,367,367
6930,734,734,734
6931,1469,1469,1469
6932,2936,2936,2936
6933,40,40,40
6937,597,597,597
6938,597,597,597
6939,597,597,597
6941,44,44,44
6942,88,88,88
6943,177,177,177
6944,367,367,367
6945,733,733,733
6946,1467,1467,1467
6947,2936,2936,2936
6951,1350,1350,1350
6954,20,20,20
6956,2060,2060,2060
6957,40,40,40
6959,15,15,15
6960,15,15,15
6961,15,15,15
6962,15,15,15
6965,2495,2495,2495
6968,406,406,406
6983,444,444,444
6986,318,318,318
6987,69,0,69
6989,2,2,2
6990,2,2,2
6991,0,0,0
6993,2,2,2
6994,2,2,2
6995,2,2,2
6997,40,40,40
6999,3,0,3
7001,0,0,0
7005,10,4,10
7016,0,0,0
7019,40,40,40
7020,40,40,40
7021,40,40,40
7024,40,40,40
7025,75,75,75
7027,443,443,443
7031,40,40,40
7033,424,424,424
7034,424,424,424
7036,40,40,40
7037,40,40,40
7038,1,1,1
7040,357,357,357
7049,1198,1198,1198
7050,10,2,10
7054,291,291,291
7058,223,223,223
7063,1200,1200,1200
7067,1,0,1
7068,41,41,41
7069,41,41,41
7071,22,22,22
7072,22,22,22
7073,41,41,41
7074,41,41,41
7075,330,330,330
7076,113,113,113
7077,40,40,40
7078,40,40,40
7079,40,40,40
7080,40,40,40
7081,40,40,40
7082,40,40,40
7083,40,40,40
7084,40,40,40
7085,40,40,40
7086,40,40,40
7087,40,40,40
7088,40,40,40
7099,50,50,50
7104,388,388,388
7110,0,0,0
7114,50,50,50
7116,4424,4424,4424
7118,2,2,2
7121,320,320,320
7126,20,0,20
7130,3,0,3
7132,24,24,24
7149,0,0,0
7155,0,0,0
7160,0,0,0
7163,96,96,96
7164,96,96,96
7166,225,225,225
7172,1,0,1
7176,1031,11031,11022
7179,16,16,16
7185,0,0,0
7190,125,125,125
7191,60,60,60
7192,0,0,0
7205,2100,2100,2100
7209,49,49,49
7211,150,150,150
7212,475,475,475
7214,0,0,0
7218,90,90,90
7221,90,90,90
7238,12,0,12
7242,0,0,0
7243,0,0,0
7252,7,7,7
7254,7,7,7
7259,80,80,80
7274,20,1,20
7277,1,1,1
7309,144,144,144
7313,1,1,1
7317,40,0,40
7321,50,50,50
7323,1,1,1
7333,5,2,5
7338,0,0,0
7342,5,5,5
7352,478,478,478
7354,150,150,150
7358,101,101,101
7383,0,0,0
7391,50,50,50
7399,0,0,0
7408,10,10,10
7410,50,50,50
7413,50,50,50
7416,15,15,15
7417,478,478,478
7418,478,478,478
7419,478,478,478
7420,15,15,15
7428,1,0,1
7430,10,10,10
7435,198,198,198
7436,559,559,559
7437,1703,1703,1703
7438,0,0,0
7439,5,5,5
7447,150,150,150
7448,150,150,150
7449,150,150,150
7460,21,1,21
7461,21,0,21
7462,21,9,21
7482,98,98,98
7483,98,98,98
7486,100,0,100
7491,0,0,0
7494,27,1,27
7513,96,96,96
7514,0,0,0
7519,63,63,63
7525,20,2,20
7526,0,0,0
7529,0,0,0
7530,0,0,0
7533,0,0,0
7538,0,0,0
7539,0,0,0
7540,0,0,0
7541,0,0,0
7543,0,0,0
7544,0,0,0
7545,0,0,0
7546,0,0,0
7547,0,0,0
7548,0,0,0
7549,0,0,0
7550,0,0,0
7551,0,0,0
7552,0,0,0
7553,0,0,0
7554,0,0,0
7555,0,0,0
7556,0,0,0
7559,0,0,0
7560,0,0,0
7561,0,0,0
7562,0,0,0
7563,0,0,0
7564,0,0,0
7565,0,0,0
7566,0,0,0
7567,0,0,0
7568,0,0,0
7569,0,0,0
7570,0,0,0
7571,0,0,0
7572,0,0,0
7573,0,0,0
7575,0,0,0
7580,0,0,0
7582,0,0,0
7584,0,0,0
7585,0,0,0
7589,0,0,0
7590,0,0,0
7594,0,0,0
7598,0,0,0
7603,0,0,0
7605,0,0,0
7607,0,0,0
7608,0,0,0
7613,0,0,0
7614,0,0,0
7617,0,0,0
7618,0,0,0
7620,0,0,0
7627,0,0,0
7629,0,0,0
7635,0,0,0
7636,0,0,0
7637,0,0,0
7638,0,0,0
7640,0,0,0
7641,0,0,0
7646,0,0,0
7647,0,0,0
7648,0,0,0
7650,0,0,0
7653,0,0,0
7656,0,0,0
7660,0,0,0
7663,0,0,0
7680,0,0,0
7688,0,0,0
7707,0,0,0
7715,0,0,0
7725,0,0,0
7727,0,0,0
7729,0,0,0
7730,0,0,0
7735,0,0,0
7742,0,0,0
7745,0,0,0
7746,0,0,0
7747,0,0,0
7748,0,0,0
7750,0,0,0
7752,0,0,0
7756,0,0,0
7758,0,0,0
7759,0,0,0
7760,0,0,0
7761,0,0,0
7762,0,0,0
7763,0,0,0
7766,0,0,0
7767,0,0,0
7769,0,0,0
7770,0,0,0
7775,0,0,0
7776,0,0,0
7784,0,0,0
7785,0,0,0
7786,0,0,0
7787,0,0,0
7789,0,0,0
7790,0,0,0
7791,0,0,0
7792,0,0,0
7793,0,0,0
7794,0,0,0
7795,0,0,0
7796,0,0,0
7797,0,0,0
7798,0,0,0
7799,0,0,0
7800,0,0,0
7801,0,0,0
7802,0,0,0
7803,0,0,0
7804,0,0,0
7805,0,0,0
7806,0,0,0
7807,0,0,0
7809,0,0,0
7810,0,0,0
7811,0,0,0
7812,0,0,0
7813,0,0,0
7822,0,0,0
7823,0,0,0
7828,0,0,0
7834,0,0,0
7847,0,0,0
7848,0,0,0
7860,0,0,0
7864,0,0,0
7867,0,0,0
7877,0,0,0
7891,0,0,0
7897,0,0,0
7898,0,0,0
7906,0,0,0
7910,0,0,0
7923,0,0,0
7929,0,0,0
7931,0,0,0
7933,0,0,0
7934,0,0,0
7946,0,0,0
7947,0,0,0
7954,0,0,0
7955,0,0,0
7963,0,0,0
7966,0,0,0
7970,0,0,0
7974,0,0,0
8012,0,0,0
8021,0,0,0
8022,0,0,0
8025,0,0,0
8032,0,0,0
8033,0,0,0
8040,0,0,0
8043,0,0,0
8044,0,0,0
8059,0,0,0
8061,0,0,0
8066,0,0,0
8070,0,0,0
8073,0,0,0
8074,0,0,0
8083,0,0,0
8094,0,0,0
8096,0,0,0
8102,0,0,0
8103,0,0,0
8106,0,0,0
8107,0,0,0
8108,0,0,0
8111,0,0,0
8113,0,0,0
8116,0,0,0
8119,0,0,0
8121,0,0,0
8124,0,0,0
8126,0,0,0
8132,0,0,0
8142,0,0,0
8143,0,0,0
8147,0,0,0
8155,0,0,0
8156,0,0,0
8157,0,0,0
8158,0,0,0
8162,0,0,0
8163,0,0,0
8164,0,0,0
8165,0,0,0
8166,0,0,0
8167,0,0,0
8168,0,0,0
8169,0,0,0
8170,0,0,0
8172,0,0,0
8175,0,0,0
8176,0,0,0
8177,0,0,0
8178,0,0,0
8186,0,0,0
8194,0,0,0
8195,0,0,0
8196,0,0,0
8198,0,0,0
8206,0,0,0
8208,0,0,0
8209,0,0,0
8210,0,0,0
8211,0,0,0
8212,0,0,0
8213,0,0,0
8214,0,0,0
8215,0,0,0
8216,0,0,0
8220,0,0,0
8230,0,0,0
8234,0,0,0
8238,0,0,0
8239,0,0,0
8242,0,0,0
8243,0,0,0
8244,0,0,0
8245,0,0,0
8246,0,0,0
8247,0,0,0
8248,0,0,0
8250,0,0,0
8251,0,0,0
8254,0,0,0
8255,0,0,0
8256,0,0,0
8257,0,0,0
8258,0,0,0
8259,0,0,0
8260,0,0,0
8261,0,0,0
8263,0,0,0
8265,0,0,0
8266,0,0,0
8267,0,0,0
8268,0,0,0
8269,0,0,0
8270,0,0,0
8271,0,0,0
8272,0,0,0
8273,0,0,0
8274,0,0,0
8275,0,0,0
8277,0,0,0
8278,0,0,0
8284,0,0,0
8288,0,0,0
8297,0,0,0
